record_id,customer_id,product_category,region,amount,is_priority,event_date,event_ts
1,10001,books,north,26.73,false,2026-01-01,2026-01-01 08:00:00
2,10002,electronics,south,28.46,true,2026-01-02,2026-01-01 08:07:00
3,10003,fashion,east,30.19,false,2026-01-03,2026-01-01 08:14:00
4,10004,grocery,west,31.92,true,2026-01-04,2026-01-01 08:21:00
5,10005,home,central,33.65,false,2026-01-05,2026-01-01 08:28:00
6,10006,books,north,35.38,true,2026-01-06,2026-01-01 08:35:00
7,10007,electronics,south,37.11,false,2026-01-07,2026-01-01 08:42:00
8,10008,fashion,east,38.84,true,2026-01-08,2026-01-01 08:49:00
9,10009,grocery,west,40.57,false,2026-01-09,2026-01-01 08:56:00
10,10010,home,central,42.30,true,2026-01-10,2026-01-01 09:03:00
11,10011,books,north,44.03,false,2026-01-11,2026-01-01 09:10:00
12,10012,electronics,south,45.76,true,2026-01-12,2026-01-01 09:17:00
13,10013,fashion,east,47.49,false,2026-01-13,2026-01-01 09:24:00
14,10014,grocery,west,49.22,true,2026-01-14,2026-01-01 09:31:00
15,10015,home,central,50.95,false,2026-01-15,2026-01-01 09:38:00
16,10016,books,north,52.68,true,2026-01-16,2026-01-01 09:45:00
17,10017,electronics,south,54.41,false,2026-01-17,2026-01-01 09:52:00
18,10018,fashion,east,56.14,true,2026-01-18,2026-01-01 09:59:00
19,10019,grocery,west,57.87,false,2026-01-19,2026-01-01 10:06:00
20,10020,home,central,59.60,true,2026-01-20,2026-01-01 10:13:00
21,10021,books,north,61.33,false,2026-01-21,2026-01-01 10:20:00
22,10022,electronics,south,63.06,true,2026-01-22,2026-01-01 10:27:00
23,10023,fashion,east,64.79,false,2026-01-23,2026-01-01 10:34:00
24,10024,grocery,west,66.52,true,2026-01-24,2026-01-01 10:41:00
25,10025,home,central,68.25,false,2026-01-25,2026-01-01 10:48:00
26,10026,books,north,69.98,true,2026-01-26,2026-01-01 10:55:00
27,10027,electronics,south,71.71,false,2026-01-27,2026-01-01 11:02:00
28,10028,fashion,east,73.44,true,2026-01-28,2026-01-01 11:09:00
29,10029,grocery,west,75.17,false,2026-01-29,2026-01-01 11:16:00
30,10030,home,central,76.90,true,2026-01-30,2026-01-01 11:23:00
31,10031,books,north,78.63,false,2026-01-31,2026-01-01 11:30:00
32,10032,electronics,south,80.36,true,2026-02-01,2026-01-01 11:37:00
33,10033,fashion,east,82.09,false,2026-02-02,2026-01-01 11:44:00
34,10034,grocery,west,83.82,true,2026-02-03,2026-01-01 11:51:00
35,10035,home,central,85.55,false,2026-02-04,2026-01-01 11:58:00
36,10036,books,north,87.28,true,2026-02-05,2026-01-01 12:05:00
37,10037,electronics,south,89.01,false,2026-02-06,2026-01-01 12:12:00
38,10038,fashion,east,90.74,true,2026-02-07,2026-01-01 12:19:00
39,10039,grocery,west,92.47,false,2026-02-08,2026-01-01 12:26:00
40,10040,home,central,94.20,true,2026-02-09,2026-01-01 12:33:00
41,10041,books,north,95.93,false,2026-02-10,2026-01-01 12:40:00
42,10042,electronics,south,97.66,true,2026-02-11,2026-01-01 12:47:00
43,10043,fashion,east,99.39,false,2026-02-12,2026-01-01 12:54:00
44,10044,grocery,west,101.12,true,2026-02-13,2026-01-01 13:01:00
45,10045,home,central,102.85,false,2026-02-14,2026-01-01 13:08:00
46,10046,books,north,104.58,true,2026-02-15,2026-01-01 13:15:00
47,10047,electronics,south,106.31,false,2026-02-16,2026-01-01 13:22:00
48,10048,fashion,east,108.04,true,2026-02-17,2026-01-01 13:29:00
49,10049,grocery,west,109.77,false,2026-02-18,2026-01-01 13:36:00
50,10050,home,central,111.50,true,2026-02-19,2026-01-01 13:43:00
51,10051,books,north,113.23,false,2026-02-20,2026-01-01 13:50:00
52,10052,electronics,south,114.96,true,2026-02-21,2026-01-01 13:57:00
53,10053,fashion,east,116.69,false,2026-02-22,2026-01-01 14:04:00
54,10054,grocery,west,118.42,true,2026-02-23,2026-01-01 14:11:00
55,10055,home,central,120.15,false,2026-02-24,2026-01-01 14:18:00
56,10056,books,north,121.88,true,2026-02-25,2026-01-01 14:25:00
57,10057,electronics,south,123.61,false,2026-02-26,2026-01-01 14:32:00
58,10058,fashion,east,125.34,true,2026-02-27,2026-01-01 14:39:00
59,10059,grocery,west,127.07,false,2026-02-28,2026-01-01 14:46:00
60,10060,home,central,128.80,true,2026-03-01,2026-01-01 14:53:00
61,10061,books,north,130.53,false,2026-03-02,2026-01-01 15:00:00
62,10062,electronics,south,132.26,true,2026-03-03,2026-01-01 15:07:00
63,10063,fashion,east,133.99,false,2026-03-04,2026-01-01 15:14:00
64,10064,grocery,west,135.72,true,2026-03-05,2026-01-01 15:21:00
65,10065,home,central,137.45,false,2026-03-06,2026-01-01 15:28:00
66,10066,books,north,139.18,true,2026-03-07,2026-01-01 15:35:00
67,10067,electronics,south,140.91,false,2026-03-08,2026-01-01 15:42:00
68,10068,fashion,east,142.64,true,2026-03-09,2026-01-01 15:49:00
69,10069,grocery,west,144.37,false,2026-03-10,2026-01-01 15:56:00
70,10070,home,central,146.10,true,2026-03-11,2026-01-01 16:03:00
71,10071,books,north,147.83,false,2026-03-12,2026-01-01 16:10:00
72,10072,electronics,south,149.56,true,2026-03-13,2026-01-01 16:17:00
73,10073,fashion,east,151.29,false,2026-03-14,2026-01-01 16:24:00
74,10074,grocery,west,153.02,true,2026-03-15,2026-01-01 16:31:00
75,10075,home,central,154.75,false,2026-03-16,2026-01-01 16:38:00
76,10076,books,north,156.48,true,2026-03-17,2026-01-01 16:45:00
77,10077,electronics,south,158.21,false,2026-03-18,2026-01-01 16:52:00
78,10078,fashion,east,159.94,true,2026-03-19,2026-01-01 16:59:00
79,10079,grocery,west,161.67,false,2026-03-20,2026-01-01 17:06:00
80,10080,home,central,163.40,true,2026-03-21,2026-01-01 17:13:00
81,10081,books,north,165.13,false,2026-03-22,2026-01-01 17:20:00
82,10082,electronics,south,166.86,true,2026-03-23,2026-01-01 17:27:00
83,10083,fashion,east,168.59,false,2026-03-24,2026-01-01 17:34:00
84,10084,grocery,west,170.32,true,2026-03-25,2026-01-01 17:41:00
85,10085,home,central,172.05,false,2026-03-26,2026-01-01 17:48:00
86,10086,books,north,173.78,true,2026-03-27,2026-01-01 17:55:00
87,10087,electronics,south,175.51,false,2026-03-28,2026-01-01 18:02:00
88,10088,fashion,east,177.24,true,2026-03-29,2026-01-01 18:09:00
89,10089,grocery,west,178.97,false,2026-03-30,2026-01-01 18:16:00
90,10090,home,central,180.70,true,2026-03-31,2026-01-01 18:23:00
91,10091,books,north,182.43,false,2026-01-01,2026-01-01 18:30:00
92,10092,electronics,south,184.16,true,2026-01-02,2026-01-01 18:37:00
93,10093,fashion,east,185.89,false,2026-01-03,2026-01-01 18:44:00
94,10094,grocery,west,187.62,true,2026-01-04,2026-01-01 18:51:00
95,10095,home,central,189.35,false,2026-01-05,2026-01-01 18:58:00
96,10096,books,north,191.08,true,2026-01-06,2026-01-01 19:05:00
97,10097,electronics,south,192.81,false,2026-01-07,2026-01-01 19:12:00
98,10098,fashion,east,194.54,true,2026-01-08,2026-01-01 19:19:00
99,10099,grocery,west,196.27,false,2026-01-09,2026-01-01 19:26:00
100,10100,home,central,198.00,true,2026-01-10,2026-01-01 19:33:00
101,10101,books,north,199.73,false,2026-01-11,2026-01-01 19:40:00
102,10102,electronics,south,201.46,true,2026-01-12,2026-01-01 19:47:00
103,10103,fashion,east,203.19,false,2026-01-13,2026-01-01 19:54:00
104,10104,grocery,west,204.92,true,2026-01-14,2026-01-01 20:01:00
105,10105,home,central,206.65,false,2026-01-15,2026-01-01 20:08:00
106,10106,books,north,208.38,true,2026-01-16,2026-01-01 20:15:00
107,10107,electronics,south,210.11,false,2026-01-17,2026-01-01 20:22:00
108,10108,fashion,east,211.84,true,2026-01-18,2026-01-01 20:29:00
109,10109,grocery,west,213.57,false,2026-01-19,2026-01-01 20:36:00
110,10110,home,central,215.30,true,2026-01-20,2026-01-01 20:43:00
111,10111,books,north,217.03,false,2026-01-21,2026-01-01 20:50:00
112,10112,electronics,south,218.76,true,2026-01-22,2026-01-01 20:57:00
113,10113,fashion,east,220.49,false,2026-01-23,2026-01-01 21:04:00
114,10114,grocery,west,222.22,true,2026-01-24,2026-01-01 21:11:00
115,10115,home,central,223.95,false,2026-01-25,2026-01-01 21:18:00
116,10116,books,north,225.68,true,2026-01-26,2026-01-01 21:25:00
117,10117,electronics,south,227.41,false,2026-01-27,2026-01-01 21:32:00
118,10118,fashion,east,229.14,true,2026-01-28,2026-01-01 21:39:00
119,10119,grocery,west,230.87,false,2026-01-29,2026-01-01 21:46:00
120,10120,home,central,232.60,true,2026-01-30,2026-01-01 21:53:00
121,10121,books,north,234.33,false,2026-01-31,2026-01-01 22:00:00
122,10122,electronics,south,236.06,true,2026-02-01,2026-01-01 22:07:00
123,10123,fashion,east,237.79,false,2026-02-02,2026-01-01 22:14:00
124,10124,grocery,west,239.52,true,2026-02-03,2026-01-01 22:21:00
125,10125,home,central,241.25,false,2026-02-04,2026-01-01 22:28:00
126,10126,books,north,242.98,true,2026-02-05,2026-01-01 22:35:00
127,10127,electronics,south,244.71,false,2026-02-06,2026-01-01 22:42:00
128,10128,fashion,east,246.44,true,2026-02-07,2026-01-01 22:49:00
129,10129,grocery,west,248.17,false,2026-02-08,2026-01-01 22:56:00
130,10130,home,central,249.90,true,2026-02-09,2026-01-01 23:03:00
131,10131,books,north,251.63,false,2026-02-10,2026-01-01 23:10:00
132,10132,electronics,south,253.36,true,2026-02-11,2026-01-01 23:17:00
133,10133,fashion,east,255.09,false,2026-02-12,2026-01-01 23:24:00
134,10134,grocery,west,256.82,true,2026-02-13,2026-01-01 23:31:00
135,10135,home,central,258.55,false,2026-02-14,2026-01-01 23:38:00
136,10136,books,north,260.28,true,2026-02-15,2026-01-01 23:45:00
137,10137,electronics,south,262.01,false,2026-02-16,2026-01-01 23:52:00
138,10138,fashion,east,263.74,true,2026-02-17,2026-01-01 23:59:00
139,10139,grocery,west,265.47,false,2026-02-18,2026-01-02 00:06:00
140,10140,home,central,267.20,true,2026-02-19,2026-01-02 00:13:00
141,10141,books,north,268.93,false,2026-02-20,2026-01-02 00:20:00
142,10142,electronics,south,270.66,true,2026-02-21,2026-01-02 00:27:00
143,10143,fashion,east,272.39,false,2026-02-22,2026-01-02 00:34:00
144,10144,grocery,west,274.12,true,2026-02-23,2026-01-02 00:41:00
145,10145,home,central,275.85,false,2026-02-24,2026-01-02 00:48:00
146,10146,books,north,277.58,true,2026-02-25,2026-01-02 00:55:00
147,10147,electronics,south,279.31,false,2026-02-26,2026-01-02 01:02:00
148,10148,fashion,east,281.04,true,2026-02-27,2026-01-02 01:09:00
149,10149,grocery,west,282.77,false,2026-02-28,2026-01-02 01:16:00
150,10150,home,central,284.50,true,2026-03-01,2026-01-02 01:23:00
151,10151,books,north,286.23,false,2026-03-02,2026-01-02 01:30:00
152,10152,electronics,south,287.96,true,2026-03-03,2026-01-02 01:37:00
153,10153,fashion,east,289.69,false,2026-03-04,2026-01-02 01:44:00
154,10154,grocery,west,291.42,true,2026-03-05,2026-01-02 01:51:00
155,10155,home,central,293.15,false,2026-03-06,2026-01-02 01:58:00
156,10156,books,north,294.88,true,2026-03-07,2026-01-02 02:05:00
157,10157,electronics,south,296.61,false,2026-03-08,2026-01-02 02:12:00
158,10158,fashion,east,298.34,true,2026-03-09,2026-01-02 02:19:00
159,10159,grocery,west,300.07,false,2026-03-10,2026-01-02 02:26:00
160,10160,home,central,301.80,true,2026-03-11,2026-01-02 02:33:00
161,10161,books,north,303.53,false,2026-03-12,2026-01-02 02:40:00
162,10162,electronics,south,305.26,true,2026-03-13,2026-01-02 02:47:00
163,10163,fashion,east,306.99,false,2026-03-14,2026-01-02 02:54:00
164,10164,grocery,west,308.72,true,2026-03-15,2026-01-02 03:01:00
165,10165,home,central,310.45,false,2026-03-16,2026-01-02 03:08:00
166,10166,books,north,312.18,true,2026-03-17,2026-01-02 03:15:00
167,10167,electronics,south,313.91,false,2026-03-18,2026-01-02 03:22:00
168,10168,fashion,east,315.64,true,2026-03-19,2026-01-02 03:29:00
169,10169,grocery,west,317.37,false,2026-03-20,2026-01-02 03:36:00
170,10170,home,central,319.10,true,2026-03-21,2026-01-02 03:43:00
171,10171,books,north,320.83,false,2026-03-22,2026-01-02 03:50:00
172,10172,electronics,south,322.56,true,2026-03-23,2026-01-02 03:57:00
173,10173,fashion,east,324.29,false,2026-03-24,2026-01-02 04:04:00
174,10174,grocery,west,326.02,true,2026-03-25,2026-01-02 04:11:00
175,10175,home,central,327.75,false,2026-03-26,2026-01-02 04:18:00
176,10176,books,north,329.48,true,2026-03-27,2026-01-02 04:25:00
177,10177,electronics,south,331.21,false,2026-03-28,2026-01-02 04:32:00
178,10178,fashion,east,332.94,true,2026-03-29,2026-01-02 04:39:00
179,10179,grocery,west,334.67,false,2026-03-30,2026-01-02 04:46:00
180,10180,home,central,336.40,true,2026-03-31,2026-01-02 04:53:00
181,10181,books,north,338.13,false,2026-01-01,2026-01-02 05:00:00
182,10182,electronics,south,339.86,true,2026-01-02,2026-01-02 05:07:00
183,10183,fashion,east,341.59,false,2026-01-03,2026-01-02 05:14:00
184,10184,grocery,west,343.32,true,2026-01-04,2026-01-02 05:21:00
185,10185,home,central,345.05,false,2026-01-05,2026-01-02 05:28:00
186,10186,books,north,346.78,true,2026-01-06,2026-01-02 05:35:00
187,10187,electronics,south,348.51,false,2026-01-07,2026-01-02 05:42:00
188,10188,fashion,east,350.24,true,2026-01-08,2026-01-02 05:49:00
189,10189,grocery,west,351.97,false,2026-01-09,2026-01-02 05:56:00
190,10190,home,central,353.70,true,2026-01-10,2026-01-02 06:03:00
191,10191,books,north,355.43,false,2026-01-11,2026-01-02 06:10:00
192,10192,electronics,south,357.16,true,2026-01-12,2026-01-02 06:17:00
193,10193,fashion,east,358.89,false,2026-01-13,2026-01-02 06:24:00
194,10194,grocery,west,360.62,true,2026-01-14,2026-01-02 06:31:00
195,10195,home,central,362.35,false,2026-01-15,2026-01-02 06:38:00
196,10196,books,north,364.08,true,2026-01-16,2026-01-02 06:45:00
197,10197,electronics,south,365.81,false,2026-01-17,2026-01-02 06:52:00
198,10198,fashion,east,367.54,true,2026-01-18,2026-01-02 06:59:00
199,10199,grocery,west,369.27,false,2026-01-19,2026-01-02 07:06:00
200,10200,home,central,371.00,true,2026-01-20,2026-01-02 07:13:00
201,10201,books,north,372.73,false,2026-01-21,2026-01-02 07:20:00
202,10202,electronics,south,374.46,true,2026-01-22,2026-01-02 07:27:00
203,10203,fashion,east,376.19,false,2026-01-23,2026-01-02 07:34:00
204,10204,grocery,west,377.92,true,2026-01-24,2026-01-02 07:41:00
205,10205,home,central,379.65,false,2026-01-25,2026-01-02 07:48:00
206,10206,books,north,381.38,true,2026-01-26,2026-01-02 07:55:00
207,10207,electronics,south,383.11,false,2026-01-27,2026-01-02 08:02:00
208,10208,fashion,east,384.84,true,2026-01-28,2026-01-02 08:09:00
209,10209,grocery,west,386.57,false,2026-01-29,2026-01-02 08:16:00
210,10210,home,central,388.30,true,2026-01-30,2026-01-02 08:23:00
211,10211,books,north,390.03,false,2026-01-31,2026-01-02 08:30:00
212,10212,electronics,south,391.76,true,2026-02-01,2026-01-02 08:37:00
213,10213,fashion,east,393.49,false,2026-02-02,2026-01-02 08:44:00
214,10214,grocery,west,395.22,true,2026-02-03,2026-01-02 08:51:00
215,10215,home,central,396.95,false,2026-02-04,2026-01-02 08:58:00
216,10216,books,north,398.68,true,2026-02-05,2026-01-02 09:05:00
217,10217,electronics,south,400.41,false,2026-02-06,2026-01-02 09:12:00
218,10218,fashion,east,402.14,true,2026-02-07,2026-01-02 09:19:00
219,10219,grocery,west,403.87,false,2026-02-08,2026-01-02 09:26:00
220,10220,home,central,405.60,true,2026-02-09,2026-01-02 09:33:00
221,10221,books,north,407.33,false,2026-02-10,2026-01-02 09:40:00
222,10222,electronics,south,409.06,true,2026-02-11,2026-01-02 09:47:00
223,10223,fashion,east,410.79,false,2026-02-12,2026-01-02 09:54:00
224,10224,grocery,west,412.52,true,2026-02-13,2026-01-02 10:01:00
225,10225,home,central,414.25,false,2026-02-14,2026-01-02 10:08:00
226,10226,books,north,415.98,true,2026-02-15,2026-01-02 10:15:00
227,10227,electronics,south,417.71,false,2026-02-16,2026-01-02 10:22:00
228,10228,fashion,east,419.44,true,2026-02-17,2026-01-02 10:29:00
229,10229,grocery,west,421.17,false,2026-02-18,2026-01-02 10:36:00
230,10230,home,central,422.90,true,2026-02-19,2026-01-02 10:43:00
231,10231,books,north,424.63,false,2026-02-20,2026-01-02 10:50:00
232,10232,electronics,south,426.36,true,2026-02-21,2026-01-02 10:57:00
233,10233,fashion,east,428.09,false,2026-02-22,2026-01-02 11:04:00
234,10234,grocery,west,429.82,true,2026-02-23,2026-01-02 11:11:00
235,10235,home,central,431.55,false,2026-02-24,2026-01-02 11:18:00
236,10236,books,north,433.28,true,2026-02-25,2026-01-02 11:25:00
237,10237,electronics,south,435.01,false,2026-02-26,2026-01-02 11:32:00
238,10238,fashion,east,436.74,true,2026-02-27,2026-01-02 11:39:00
239,10239,grocery,west,438.47,false,2026-02-28,2026-01-02 11:46:00
240,10240,home,central,440.20,true,2026-03-01,2026-01-02 11:53:00
241,10241,books,north,441.93,false,2026-03-02,2026-01-02 12:00:00
242,10242,electronics,south,443.66,true,2026-03-03,2026-01-02 12:07:00
243,10243,fashion,east,445.39,false,2026-03-04,2026-01-02 12:14:00
244,10244,grocery,west,447.12,true,2026-03-05,2026-01-02 12:21:00
245,10245,home,central,448.85,false,2026-03-06,2026-01-02 12:28:00
246,10246,books,north,450.58,true,2026-03-07,2026-01-02 12:35:00
247,10247,electronics,south,452.31,false,2026-03-08,2026-01-02 12:42:00
248,10248,fashion,east,454.04,true,2026-03-09,2026-01-02 12:49:00
249,10249,grocery,west,455.77,false,2026-03-10,2026-01-02 12:56:00
250,10250,home,central,457.50,true,2026-03-11,2026-01-02 13:03:00
251,10251,books,north,459.23,false,2026-03-12,2026-01-02 13:10:00
252,10252,electronics,south,460.96,true,2026-03-13,2026-01-02 13:17:00
253,10253,fashion,east,462.69,false,2026-03-14,2026-01-02 13:24:00
254,10254,grocery,west,464.42,true,2026-03-15,2026-01-02 13:31:00
255,10255,home,central,466.15,false,2026-03-16,2026-01-02 13:38:00
256,10256,books,north,467.88,true,2026-03-17,2026-01-02 13:45:00
257,10257,electronics,south,469.61,false,2026-03-18,2026-01-02 13:52:00
258,10258,fashion,east,471.34,true,2026-03-19,2026-01-02 13:59:00
259,10259,grocery,west,473.07,false,2026-03-20,2026-01-02 14:06:00
260,10260,home,central,474.80,true,2026-03-21,2026-01-02 14:13:00
261,10261,books,north,476.53,false,2026-03-22,2026-01-02 14:20:00
262,10262,electronics,south,478.26,true,2026-03-23,2026-01-02 14:27:00
263,10263,fashion,east,479.99,false,2026-03-24,2026-01-02 14:34:00
264,10264,grocery,west,481.72,true,2026-03-25,2026-01-02 14:41:00
265,10265,home,central,483.45,false,2026-03-26,2026-01-02 14:48:00
266,10266,books,north,485.18,true,2026-03-27,2026-01-02 14:55:00
267,10267,electronics,south,486.91,false,2026-03-28,2026-01-02 15:02:00
268,10268,fashion,east,488.64,true,2026-03-29,2026-01-02 15:09:00
269,10269,grocery,west,490.37,false,2026-03-30,2026-01-02 15:16:00
270,10270,home,central,492.10,true,2026-03-31,2026-01-02 15:23:00
271,10271,books,north,493.83,false,2026-01-01,2026-01-02 15:30:00
272,10272,electronics,south,495.56,true,2026-01-02,2026-01-02 15:37:00
273,10273,fashion,east,497.29,false,2026-01-03,2026-01-02 15:44:00
274,10274,grocery,west,499.02,true,2026-01-04,2026-01-02 15:51:00
275,10275,home,central,25.75,false,2026-01-05,2026-01-02 15:58:00
276,10276,books,north,27.48,true,2026-01-06,2026-01-02 16:05:00
277,10277,electronics,south,29.21,false,2026-01-07,2026-01-02 16:12:00
278,10278,fashion,east,30.94,true,2026-01-08,2026-01-02 16:19:00
279,10279,grocery,west,32.67,false,2026-01-09,2026-01-02 16:26:00
280,10280,home,central,34.40,true,2026-01-10,2026-01-02 16:33:00
281,10281,books,north,36.13,false,2026-01-11,2026-01-02 16:40:00
282,10282,electronics,south,37.86,true,2026-01-12,2026-01-02 16:47:00
283,10283,fashion,east,39.59,false,2026-01-13,2026-01-02 16:54:00
284,10284,grocery,west,41.32,true,2026-01-14,2026-01-02 17:01:00
285,10285,home,central,43.05,false,2026-01-15,2026-01-02 17:08:00
286,10286,books,north,44.78,true,2026-01-16,2026-01-02 17:15:00
287,10287,electronics,south,46.51,false,2026-01-17,2026-01-02 17:22:00
288,10288,fashion,east,48.24,true,2026-01-18,2026-01-02 17:29:00
289,10289,grocery,west,49.97,false,2026-01-19,2026-01-02 17:36:00
290,10290,home,central,51.70,true,2026-01-20,2026-01-02 17:43:00
291,10291,books,north,53.43,false,2026-01-21,2026-01-02 17:50:00
292,10292,electronics,south,55.16,true,2026-01-22,2026-01-02 17:57:00
293,10293,fashion,east,56.89,false,2026-01-23,2026-01-02 18:04:00
294,10294,grocery,west,58.62,true,2026-01-24,2026-01-02 18:11:00
295,10295,home,central,60.35,false,2026-01-25,2026-01-02 18:18:00
296,10296,books,north,62.08,true,2026-01-26,2026-01-02 18:25:00
297,10297,electronics,south,63.81,false,2026-01-27,2026-01-02 18:32:00
298,10298,fashion,east,65.54,true,2026-01-28,2026-01-02 18:39:00
299,10299,grocery,west,67.27,false,2026-01-29,2026-01-02 18:46:00
300,10300,home,central,69.00,true,2026-01-30,2026-01-02 18:53:00
301,10301,books,north,70.73,false,2026-01-31,2026-01-02 19:00:00
302,10302,electronics,south,72.46,true,2026-02-01,2026-01-02 19:07:00
303,10303,fashion,east,74.19,false,2026-02-02,2026-01-02 19:14:00
304,10304,grocery,west,75.92,true,2026-02-03,2026-01-02 19:21:00
305,10305,home,central,77.65,false,2026-02-04,2026-01-02 19:28:00
306,10306,books,north,79.38,true,2026-02-05,2026-01-02 19:35:00
307,10307,electronics,south,81.11,false,2026-02-06,2026-01-02 19:42:00
308,10308,fashion,east,82.84,true,2026-02-07,2026-01-02 19:49:00
309,10309,grocery,west,84.57,false,2026-02-08,2026-01-02 19:56:00
310,10310,home,central,86.30,true,2026-02-09,2026-01-02 20:03:00
311,10311,books,north,88.03,false,2026-02-10,2026-01-02 20:10:00
312,10312,electronics,south,89.76,true,2026-02-11,2026-01-02 20:17:00
313,10313,fashion,east,91.49,false,2026-02-12,2026-01-02 20:24:00
314,10314,grocery,west,93.22,true,2026-02-13,2026-01-02 20:31:00
315,10315,home,central,94.95,false,2026-02-14,2026-01-02 20:38:00
316,10316,books,north,96.68,true,2026-02-15,2026-01-02 20:45:00
317,10317,electronics,south,98.41,false,2026-02-16,2026-01-02 20:52:00
318,10318,fashion,east,100.14,true,2026-02-17,2026-01-02 20:59:00
319,10319,grocery,west,101.87,false,2026-02-18,2026-01-02 21:06:00
320,10320,home,central,103.60,true,2026-02-19,2026-01-02 21:13:00
321,10321,books,north,105.33,false,2026-02-20,2026-01-02 21:20:00
322,10322,electronics,south,107.06,true,2026-02-21,2026-01-02 21:27:00
323,10323,fashion,east,108.79,false,2026-02-22,2026-01-02 21:34:00
324,10324,grocery,west,110.52,true,2026-02-23,2026-01-02 21:41:00
325,10325,home,central,112.25,false,2026-02-24,2026-01-02 21:48:00
326,10326,books,north,113.98,true,2026-02-25,2026-01-02 21:55:00
327,10327,electronics,south,115.71,false,2026-02-26,2026-01-02 22:02:00
328,10328,fashion,east,117.44,true,2026-02-27,2026-01-02 22:09:00
329,10329,grocery,west,119.17,false,2026-02-28,2026-01-02 22:16:00
330,10330,home,central,120.90,true,2026-03-01,2026-01-02 22:23:00
331,10331,books,north,122.63,false,2026-03-02,2026-01-02 22:30:00
332,10332,electronics,south,124.36,true,2026-03-03,2026-01-02 22:37:00
333,10333,fashion,east,126.09,false,2026-03-04,2026-01-02 22:44:00
334,10334,grocery,west,127.82,true,2026-03-05,2026-01-02 22:51:00
335,10335,home,central,129.55,false,2026-03-06,2026-01-02 22:58:00
336,10336,books,north,131.28,true,2026-03-07,2026-01-02 23:05:00
337,10337,electronics,south,133.01,false,2026-03-08,2026-01-02 23:12:00
338,10338,fashion,east,134.74,true,2026-03-09,2026-01-02 23:19:00
339,10339,grocery,west,136.47,false,2026-03-10,2026-01-02 23:26:00
340,10340,home,central,138.20,true,2026-03-11,2026-01-02 23:33:00
341,10341,books,north,139.93,false,2026-03-12,2026-01-02 23:40:00
342,10342,electronics,south,141.66,true,2026-03-13,2026-01-02 23:47:00
343,10343,fashion,east,143.39,false,2026-03-14,2026-01-02 23:54:00
344,10344,grocery,west,145.12,true,2026-03-15,2026-01-03 00:01:00
345,10345,home,central,146.85,false,2026-03-16,2026-01-03 00:08:00
346,10346,books,north,148.58,true,2026-03-17,2026-01-03 00:15:00
347,10347,electronics,south,150.31,false,2026-03-18,2026-01-03 00:22:00
348,10348,fashion,east,152.04,true,2026-03-19,2026-01-03 00:29:00
349,10349,grocery,west,153.77,false,2026-03-20,2026-01-03 00:36:00
350,10350,home,central,155.50,true,2026-03-21,2026-01-03 00:43:00
351,10351,books,north,157.23,false,2026-03-22,2026-01-03 00:50:00
352,10352,electronics,south,158.96,true,2026-03-23,2026-01-03 00:57:00
353,10353,fashion,east,160.69,false,2026-03-24,2026-01-03 01:04:00
354,10354,grocery,west,162.42,true,2026-03-25,2026-01-03 01:11:00
355,10355,home,central,164.15,false,2026-03-26,2026-01-03 01:18:00
356,10356,books,north,165.88,true,2026-03-27,2026-01-03 01:25:00
357,10357,electronics,south,167.61,false,2026-03-28,2026-01-03 01:32:00
358,10358,fashion,east,169.34,true,2026-03-29,2026-01-03 01:39:00
359,10359,grocery,west,171.07,false,2026-03-30,2026-01-03 01:46:00
360,10360,home,central,172.80,true,2026-03-31,2026-01-03 01:53:00
361,10361,books,north,174.53,false,2026-01-01,2026-01-03 02:00:00
362,10362,electronics,south,176.26,true,2026-01-02,2026-01-03 02:07:00
363,10363,fashion,east,177.99,false,2026-01-03,2026-01-03 02:14:00
364,10364,grocery,west,179.72,true,2026-01-04,2026-01-03 02:21:00
365,10365,home,central,181.45,false,2026-01-05,2026-01-03 02:28:00
366,10366,books,north,183.18,true,2026-01-06,2026-01-03 02:35:00
367,10367,electronics,south,184.91,false,2026-01-07,2026-01-03 02:42:00
368,10368,fashion,east,186.64,true,2026-01-08,2026-01-03 02:49:00
369,10369,grocery,west,188.37,false,2026-01-09,2026-01-03 02:56:00
370,10370,home,central,190.10,true,2026-01-10,2026-01-03 03:03:00
371,10371,books,north,191.83,false,2026-01-11,2026-01-03 03:10:00
372,10372,electronics,south,193.56,true,2026-01-12,2026-01-03 03:17:00
373,10373,fashion,east,195.29,false,2026-01-13,2026-01-03 03:24:00
374,10374,grocery,west,197.02,true,2026-01-14,2026-01-03 03:31:00
375,10375,home,central,198.75,false,2026-01-15,2026-01-03 03:38:00
376,10376,books,north,200.48,true,2026-01-16,2026-01-03 03:45:00
377,10377,electronics,south,202.21,false,2026-01-17,2026-01-03 03:52:00
378,10378,fashion,east,203.94,true,2026-01-18,2026-01-03 03:59:00
379,10379,grocery,west,205.67,false,2026-01-19,2026-01-03 04:06:00
380,10380,home,central,207.40,true,2026-01-20,2026-01-03 04:13:00
381,10381,books,north,209.13,false,2026-01-21,2026-01-03 04:20:00
382,10382,electronics,south,210.86,true,2026-01-22,2026-01-03 04:27:00
383,10383,fashion,east,212.59,false,2026-01-23,2026-01-03 04:34:00
384,10384,grocery,west,214.32,true,2026-01-24,2026-01-03 04:41:00
385,10385,home,central,216.05,false,2026-01-25,2026-01-03 04:48:00
386,10386,books,north,217.78,true,2026-01-26,2026-01-03 04:55:00
387,10387,electronics,south,219.51,false,2026-01-27,2026-01-03 05:02:00
388,10388,fashion,east,221.24,true,2026-01-28,2026-01-03 05:09:00
389,10389,grocery,west,222.97,false,2026-01-29,2026-01-03 05:16:00
390,10390,home,central,224.70,true,2026-01-30,2026-01-03 05:23:00
391,10391,books,north,226.43,false,2026-01-31,2026-01-03 05:30:00
392,10392,electronics,south,228.16,true,2026-02-01,2026-01-03 05:37:00
393,10393,fashion,east,229.89,false,2026-02-02,2026-01-03 05:44:00
394,10394,grocery,west,231.62,true,2026-02-03,2026-01-03 05:51:00
395,10395,home,central,233.35,false,2026-02-04,2026-01-03 05:58:00
396,10396,books,north,235.08,true,2026-02-05,2026-01-03 06:05:00
397,10397,electronics,south,236.81,false,2026-02-06,2026-01-03 06:12:00
398,10398,fashion,east,238.54,true,2026-02-07,2026-01-03 06:19:00
399,10399,grocery,west,240.27,false,2026-02-08,2026-01-03 06:26:00
400,10400,home,central,242.00,true,2026-02-09,2026-01-03 06:33:00
401,10401,books,north,243.73,false,2026-02-10,2026-01-03 06:40:00
402,10402,electronics,south,245.46,true,2026-02-11,2026-01-03 06:47:00
403,10403,fashion,east,247.19,false,2026-02-12,2026-01-03 06:54:00
404,10404,grocery,west,248.92,true,2026-02-13,2026-01-03 07:01:00
405,10405,home,central,250.65,false,2026-02-14,2026-01-03 07:08:00
406,10406,books,north,252.38,true,2026-02-15,2026-01-03 07:15:00
407,10407,electronics,south,254.11,false,2026-02-16,2026-01-03 07:22:00
408,10408,fashion,east,255.84,true,2026-02-17,2026-01-03 07:29:00
409,10409,grocery,west,257.57,false,2026-02-18,2026-01-03 07:36:00
410,10410,home,central,259.30,true,2026-02-19,2026-01-03 07:43:00
411,10411,books,north,261.03,false,2026-02-20,2026-01-03 07:50:00
412,10412,electronics,south,262.76,true,2026-02-21,2026-01-03 07:57:00
413,10413,fashion,east,264.49,false,2026-02-22,2026-01-03 08:04:00
414,10414,grocery,west,266.22,true,2026-02-23,2026-01-03 08:11:00
415,10415,home,central,267.95,false,2026-02-24,2026-01-03 08:18:00
416,10416,books,north,269.68,true,2026-02-25,2026-01-03 08:25:00
417,10417,electronics,south,271.41,false,2026-02-26,2026-01-03 08:32:00
418,10418,fashion,east,273.14,true,2026-02-27,2026-01-03 08:39:00
419,10419,grocery,west,274.87,false,2026-02-28,2026-01-03 08:46:00
420,10420,home,central,276.60,true,2026-03-01,2026-01-03 08:53:00
421,10421,books,north,278.33,false,2026-03-02,2026-01-03 09:00:00
422,10422,electronics,south,280.06,true,2026-03-03,2026-01-03 09:07:00
423,10423,fashion,east,281.79,false,2026-03-04,2026-01-03 09:14:00
424,10424,grocery,west,283.52,true,2026-03-05,2026-01-03 09:21:00
425,10425,home,central,285.25,false,2026-03-06,2026-01-03 09:28:00
426,10426,books,north,286.98,true,2026-03-07,2026-01-03 09:35:00
427,10427,electronics,south,288.71,false,2026-03-08,2026-01-03 09:42:00
428,10428,fashion,east,290.44,true,2026-03-09,2026-01-03 09:49:00
429,10429,grocery,west,292.17,false,2026-03-10,2026-01-03 09:56:00
430,10430,home,central,293.90,true,2026-03-11,2026-01-03 10:03:00
431,10431,books,north,295.63,false,2026-03-12,2026-01-03 10:10:00
432,10432,electronics,south,297.36,true,2026-03-13,2026-01-03 10:17:00
433,10433,fashion,east,299.09,false,2026-03-14,2026-01-03 10:24:00
434,10434,grocery,west,300.82,true,2026-03-15,2026-01-03 10:31:00
435,10435,home,central,302.55,false,2026-03-16,2026-01-03 10:38:00
436,10436,books,north,304.28,true,2026-03-17,2026-01-03 10:45:00
437,10437,electronics,south,306.01,false,2026-03-18,2026-01-03 10:52:00
438,10438,fashion,east,307.74,true,2026-03-19,2026-01-03 10:59:00
439,10439,grocery,west,309.47,false,2026-03-20,2026-01-03 11:06:00
440,10440,home,central,311.20,true,2026-03-21,2026-01-03 11:13:00
441,10441,books,north,312.93,false,2026-03-22,2026-01-03 11:20:00
442,10442,electronics,south,314.66,true,2026-03-23,2026-01-03 11:27:00
443,10443,fashion,east,316.39,false,2026-03-24,2026-01-03 11:34:00
444,10444,grocery,west,318.12,true,2026-03-25,2026-01-03 11:41:00
445,10445,home,central,319.85,false,2026-03-26,2026-01-03 11:48:00
446,10446,books,north,321.58,true,2026-03-27,2026-01-03 11:55:00
447,10447,electronics,south,323.31,false,2026-03-28,2026-01-03 12:02:00
448,10448,fashion,east,325.04,true,2026-03-29,2026-01-03 12:09:00
449,10449,grocery,west,326.77,false,2026-03-30,2026-01-03 12:16:00
450,10450,home,central,328.50,true,2026-03-31,2026-01-03 12:23:00
451,10451,books,north,330.23,false,2026-01-01,2026-01-03 12:30:00
452,10452,electronics,south,331.96,true,2026-01-02,2026-01-03 12:37:00
453,10453,fashion,east,333.69,false,2026-01-03,2026-01-03 12:44:00
454,10454,grocery,west,335.42,true,2026-01-04,2026-01-03 12:51:00
455,10455,home,central,337.15,false,2026-01-05,2026-01-03 12:58:00
456,10456,books,north,338.88,true,2026-01-06,2026-01-03 13:05:00
457,10457,electronics,south,340.61,false,2026-01-07,2026-01-03 13:12:00
458,10458,fashion,east,342.34,true,2026-01-08,2026-01-03 13:19:00
459,10459,grocery,west,344.07,false,2026-01-09,2026-01-03 13:26:00
460,10460,home,central,345.80,true,2026-01-10,2026-01-03 13:33:00
461,10461,books,north,347.53,false,2026-01-11,2026-01-03 13:40:00
462,10462,electronics,south,349.26,true,2026-01-12,2026-01-03 13:47:00
463,10463,fashion,east,350.99,false,2026-01-13,2026-01-03 13:54:00
464,10464,grocery,west,352.72,true,2026-01-14,2026-01-03 14:01:00
465,10465,home,central,354.45,false,2026-01-15,2026-01-03 14:08:00
466,10466,books,north,356.18,true,2026-01-16,2026-01-03 14:15:00
467,10467,electronics,south,357.91,false,2026-01-17,2026-01-03 14:22:00
468,10468,fashion,east,359.64,true,2026-01-18,2026-01-03 14:29:00
469,10469,grocery,west,361.37,false,2026-01-19,2026-01-03 14:36:00
470,10470,home,central,363.10,true,2026-01-20,2026-01-03 14:43:00
471,10471,books,north,364.83,false,2026-01-21,2026-01-03 14:50:00
472,10472,electronics,south,366.56,true,2026-01-22,2026-01-03 14:57:00
473,10473,fashion,east,368.29,false,2026-01-23,2026-01-03 15:04:00
474,10474,grocery,west,370.02,true,2026-01-24,2026-01-03 15:11:00
475,10475,home,central,371.75,false,2026-01-25,2026-01-03 15:18:00
476,10476,books,north,373.48,true,2026-01-26,2026-01-03 15:25:00
477,10477,electronics,south,375.21,false,2026-01-27,2026-01-03 15:32:00
478,10478,fashion,east,376.94,true,2026-01-28,2026-01-03 15:39:00
479,10479,grocery,west,378.67,false,2026-01-29,2026-01-03 15:46:00
480,10480,home,central,380.40,true,2026-01-30,2026-01-03 15:53:00
481,10481,books,north,382.13,false,2026-01-31,2026-01-03 16:00:00
482,10482,electronics,south,383.86,true,2026-02-01,2026-01-03 16:07:00
483,10483,fashion,east,385.59,false,2026-02-02,2026-01-03 16:14:00
484,10484,grocery,west,387.32,true,2026-02-03,2026-01-03 16:21:00
485,10485,home,central,389.05,false,2026-02-04,2026-01-03 16:28:00
486,10486,books,north,390.78,true,2026-02-05,2026-01-03 16:35:00
487,10487,electronics,south,392.51,false,2026-02-06,2026-01-03 16:42:00
488,10488,fashion,east,394.24,true,2026-02-07,2026-01-03 16:49:00
489,10489,grocery,west,395.97,false,2026-02-08,2026-01-03 16:56:00
490,10490,home,central,397.70,true,2026-02-09,2026-01-03 17:03:00
491,10491,books,north,399.43,false,2026-02-10,2026-01-03 17:10:00
492,10492,electronics,south,401.16,true,2026-02-11,2026-01-03 17:17:00
493,10493,fashion,east,402.89,false,2026-02-12,2026-01-03 17:24:00
494,10494,grocery,west,404.62,true,2026-02-13,2026-01-03 17:31:00
495,10495,home,central,406.35,false,2026-02-14,2026-01-03 17:38:00
496,10496,books,north,408.08,true,2026-02-15,2026-01-03 17:45:00
497,10497,electronics,south,409.81,false,2026-02-16,2026-01-03 17:52:00
498,10498,fashion,east,411.54,true,2026-02-17,2026-01-03 17:59:00
499,10499,grocery,west,413.27,false,2026-02-18,2026-01-03 18:06:00
500,10500,home,central,415.00,true,2026-02-19,2026-01-03 18:13:00
501,10501,books,north,416.73,false,2026-02-20,2026-01-03 18:20:00
502,10502,electronics,south,418.46,true,2026-02-21,2026-01-03 18:27:00
503,10503,fashion,east,420.19,false,2026-02-22,2026-01-03 18:34:00
504,10504,grocery,west,421.92,true,2026-02-23,2026-01-03 18:41:00
505,10505,home,central,423.65,false,2026-02-24,2026-01-03 18:48:00
506,10506,books,north,425.38,true,2026-02-25,2026-01-03 18:55:00
507,10507,electronics,south,427.11,false,2026-02-26,2026-01-03 19:02:00
508,10508,fashion,east,428.84,true,2026-02-27,2026-01-03 19:09:00
509,10509,grocery,west,430.57,false,2026-02-28,2026-01-03 19:16:00
510,10510,home,central,432.30,true,2026-03-01,2026-01-03 19:23:00
511,10511,books,north,434.03,false,2026-03-02,2026-01-03 19:30:00
512,10512,electronics,south,435.76,true,2026-03-03,2026-01-03 19:37:00
513,10513,fashion,east,437.49,false,2026-03-04,2026-01-03 19:44:00
514,10514,grocery,west,439.22,true,2026-03-05,2026-01-03 19:51:00
515,10515,home,central,440.95,false,2026-03-06,2026-01-03 19:58:00
516,10516,books,north,442.68,true,2026-03-07,2026-01-03 20:05:00
517,10517,electronics,south,444.41,false,2026-03-08,2026-01-03 20:12:00
518,10518,fashion,east,446.14,true,2026-03-09,2026-01-03 20:19:00
519,10519,grocery,west,447.87,false,2026-03-10,2026-01-03 20:26:00
520,10520,home,central,449.60,true,2026-03-11,2026-01-03 20:33:00
521,10521,books,north,451.33,false,2026-03-12,2026-01-03 20:40:00
522,10522,electronics,south,453.06,true,2026-03-13,2026-01-03 20:47:00
523,10523,fashion,east,454.79,false,2026-03-14,2026-01-03 20:54:00
524,10524,grocery,west,456.52,true,2026-03-15,2026-01-03 21:01:00
525,10525,home,central,458.25,false,2026-03-16,2026-01-03 21:08:00
526,10526,books,north,459.98,true,2026-03-17,2026-01-03 21:15:00
527,10527,electronics,south,461.71,false,2026-03-18,2026-01-03 21:22:00
528,10528,fashion,east,463.44,true,2026-03-19,2026-01-03 21:29:00
529,10529,grocery,west,465.17,false,2026-03-20,2026-01-03 21:36:00
530,10530,home,central,466.90,true,2026-03-21,2026-01-03 21:43:00
531,10531,books,north,468.63,false,2026-03-22,2026-01-03 21:50:00
532,10532,electronics,south,470.36,true,2026-03-23,2026-01-03 21:57:00
533,10533,fashion,east,472.09,false,2026-03-24,2026-01-03 22:04:00
534,10534,grocery,west,473.82,true,2026-03-25,2026-01-03 22:11:00
535,10535,home,central,475.55,false,2026-03-26,2026-01-03 22:18:00
536,10536,books,north,477.28,true,2026-03-27,2026-01-03 22:25:00
537,10537,electronics,south,479.01,false,2026-03-28,2026-01-03 22:32:00
538,10538,fashion,east,480.74,true,2026-03-29,2026-01-03 22:39:00
539,10539,grocery,west,482.47,false,2026-03-30,2026-01-03 22:46:00
540,10540,home,central,484.20,true,2026-03-31,2026-01-03 22:53:00
541,10541,books,north,485.93,false,2026-01-01,2026-01-03 23:00:00
542,10542,electronics,south,487.66,true,2026-01-02,2026-01-03 23:07:00
543,10543,fashion,east,489.39,false,2026-01-03,2026-01-03 23:14:00
544,10544,grocery,west,491.12,true,2026-01-04,2026-01-03 23:21:00
545,10545,home,central,492.85,false,2026-01-05,2026-01-03 23:28:00
546,10546,books,north,494.58,true,2026-01-06,2026-01-03 23:35:00
547,10547,electronics,south,496.31,false,2026-01-07,2026-01-03 23:42:00
548,10548,fashion,east,498.04,true,2026-01-08,2026-01-03 23:49:00
549,10549,grocery,west,499.77,false,2026-01-09,2026-01-03 23:56:00
550,10550,home,central,26.50,true,2026-01-10,2026-01-04 00:03:00
551,10551,books,north,28.23,false,2026-01-11,2026-01-04 00:10:00
552,10552,electronics,south,29.96,true,2026-01-12,2026-01-04 00:17:00
553,10553,fashion,east,31.69,false,2026-01-13,2026-01-04 00:24:00
554,10554,grocery,west,33.42,true,2026-01-14,2026-01-04 00:31:00
555,10555,home,central,35.15,false,2026-01-15,2026-01-04 00:38:00
556,10556,books,north,36.88,true,2026-01-16,2026-01-04 00:45:00
557,10557,electronics,south,38.61,false,2026-01-17,2026-01-04 00:52:00
558,10558,fashion,east,40.34,true,2026-01-18,2026-01-04 00:59:00
559,10559,grocery,west,42.07,false,2026-01-19,2026-01-04 01:06:00
560,10560,home,central,43.80,true,2026-01-20,2026-01-04 01:13:00
561,10561,books,north,45.53,false,2026-01-21,2026-01-04 01:20:00
562,10562,electronics,south,47.26,true,2026-01-22,2026-01-04 01:27:00
563,10563,fashion,east,48.99,false,2026-01-23,2026-01-04 01:34:00
564,10564,grocery,west,50.72,true,2026-01-24,2026-01-04 01:41:00
565,10565,home,central,52.45,false,2026-01-25,2026-01-04 01:48:00
566,10566,books,north,54.18,true,2026-01-26,2026-01-04 01:55:00
567,10567,electronics,south,55.91,false,2026-01-27,2026-01-04 02:02:00
568,10568,fashion,east,57.64,true,2026-01-28,2026-01-04 02:09:00
569,10569,grocery,west,59.37,false,2026-01-29,2026-01-04 02:16:00
570,10570,home,central,61.10,true,2026-01-30,2026-01-04 02:23:00
571,10571,books,north,62.83,false,2026-01-31,2026-01-04 02:30:00
572,10572,electronics,south,64.56,true,2026-02-01,2026-01-04 02:37:00
573,10573,fashion,east,66.29,false,2026-02-02,2026-01-04 02:44:00
574,10574,grocery,west,68.02,true,2026-02-03,2026-01-04 02:51:00
575,10575,home,central,69.75,false,2026-02-04,2026-01-04 02:58:00
576,10576,books,north,71.48,true,2026-02-05,2026-01-04 03:05:00
577,10577,electronics,south,73.21,false,2026-02-06,2026-01-04 03:12:00
578,10578,fashion,east,74.94,true,2026-02-07,2026-01-04 03:19:00
579,10579,grocery,west,76.67,false,2026-02-08,2026-01-04 03:26:00
580,10580,home,central,78.40,true,2026-02-09,2026-01-04 03:33:00
581,10581,books,north,80.13,false,2026-02-10,2026-01-04 03:40:00
582,10582,electronics,south,81.86,true,2026-02-11,2026-01-04 03:47:00
583,10583,fashion,east,83.59,false,2026-02-12,2026-01-04 03:54:00
584,10584,grocery,west,85.32,true,2026-02-13,2026-01-04 04:01:00
585,10585,home,central,87.05,false,2026-02-14,2026-01-04 04:08:00
586,10586,books,north,88.78,true,2026-02-15,2026-01-04 04:15:00
587,10587,electronics,south,90.51,false,2026-02-16,2026-01-04 04:22:00
588,10588,fashion,east,92.24,true,2026-02-17,2026-01-04 04:29:00
589,10589,grocery,west,93.97,false,2026-02-18,2026-01-04 04:36:00
590,10590,home,central,95.70,true,2026-02-19,2026-01-04 04:43:00
591,10591,books,north,97.43,false,2026-02-20,2026-01-04 04:50:00
592,10592,electronics,south,99.16,true,2026-02-21,2026-01-04 04:57:00
593,10593,fashion,east,100.89,false,2026-02-22,2026-01-04 05:04:00
594,10594,grocery,west,102.62,true,2026-02-23,2026-01-04 05:11:00
595,10595,home,central,104.35,false,2026-02-24,2026-01-04 05:18:00
596,10596,books,north,106.08,true,2026-02-25,2026-01-04 05:25:00
597,10597,electronics,south,107.81,false,2026-02-26,2026-01-04 05:32:00
598,10598,fashion,east,109.54,true,2026-02-27,2026-01-04 05:39:00
599,10599,grocery,west,111.27,false,2026-02-28,2026-01-04 05:46:00
600,10600,home,central,113.00,true,2026-03-01,2026-01-04 05:53:00
601,10601,books,north,114.73,false,2026-03-02,2026-01-04 06:00:00
602,10602,electronics,south,116.46,true,2026-03-03,2026-01-04 06:07:00
603,10603,fashion,east,118.19,false,2026-03-04,2026-01-04 06:14:00
604,10604,grocery,west,119.92,true,2026-03-05,2026-01-04 06:21:00
605,10605,home,central,121.65,false,2026-03-06,2026-01-04 06:28:00
606,10606,books,north,123.38,true,2026-03-07,2026-01-04 06:35:00
607,10607,electronics,south,125.11,false,2026-03-08,2026-01-04 06:42:00
608,10608,fashion,east,126.84,true,2026-03-09,2026-01-04 06:49:00
609,10609,grocery,west,128.57,false,2026-03-10,2026-01-04 06:56:00
610,10610,home,central,130.30,true,2026-03-11,2026-01-04 07:03:00
611,10611,books,north,132.03,false,2026-03-12,2026-01-04 07:10:00
612,10612,electronics,south,133.76,true,2026-03-13,2026-01-04 07:17:00
613,10613,fashion,east,135.49,false,2026-03-14,2026-01-04 07:24:00
614,10614,grocery,west,137.22,true,2026-03-15,2026-01-04 07:31:00
615,10615,home,central,138.95,false,2026-03-16,2026-01-04 07:38:00
616,10616,books,north,140.68,true,2026-03-17,2026-01-04 07:45:00
617,10617,electronics,south,142.41,false,2026-03-18,2026-01-04 07:52:00
618,10618,fashion,east,144.14,true,2026-03-19,2026-01-04 07:59:00
619,10619,grocery,west,145.87,false,2026-03-20,2026-01-04 08:06:00
620,10620,home,central,147.60,true,2026-03-21,2026-01-04 08:13:00
621,10621,books,north,149.33,false,2026-03-22,2026-01-04 08:20:00
622,10622,electronics,south,151.06,true,2026-03-23,2026-01-04 08:27:00
623,10623,fashion,east,152.79,false,2026-03-24,2026-01-04 08:34:00
624,10624,grocery,west,154.52,true,2026-03-25,2026-01-04 08:41:00
625,10625,home,central,156.25,false,2026-03-26,2026-01-04 08:48:00
626,10626,books,north,157.98,true,2026-03-27,2026-01-04 08:55:00
627,10627,electronics,south,159.71,false,2026-03-28,2026-01-04 09:02:00
628,10628,fashion,east,161.44,true,2026-03-29,2026-01-04 09:09:00
629,10629,grocery,west,163.17,false,2026-03-30,2026-01-04 09:16:00
630,10630,home,central,164.90,true,2026-03-31,2026-01-04 09:23:00
631,10631,books,north,166.63,false,2026-01-01,2026-01-04 09:30:00
632,10632,electronics,south,168.36,true,2026-01-02,2026-01-04 09:37:00
633,10633,fashion,east,170.09,false,2026-01-03,2026-01-04 09:44:00
634,10634,grocery,west,171.82,true,2026-01-04,2026-01-04 09:51:00
635,10635,home,central,173.55,false,2026-01-05,2026-01-04 09:58:00
636,10636,books,north,175.28,true,2026-01-06,2026-01-04 10:05:00
637,10637,electronics,south,177.01,false,2026-01-07,2026-01-04 10:12:00
638,10638,fashion,east,178.74,true,2026-01-08,2026-01-04 10:19:00
639,10639,grocery,west,180.47,false,2026-01-09,2026-01-04 10:26:00
640,10640,home,central,182.20,true,2026-01-10,2026-01-04 10:33:00
641,10641,books,north,183.93,false,2026-01-11,2026-01-04 10:40:00
642,10642,electronics,south,185.66,true,2026-01-12,2026-01-04 10:47:00
643,10643,fashion,east,187.39,false,2026-01-13,2026-01-04 10:54:00
644,10644,grocery,west,189.12,true,2026-01-14,2026-01-04 11:01:00
645,10645,home,central,190.85,false,2026-01-15,2026-01-04 11:08:00
646,10646,books,north,192.58,true,2026-01-16,2026-01-04 11:15:00
647,10647,electronics,south,194.31,false,2026-01-17,2026-01-04 11:22:00
648,10648,fashion,east,196.04,true,2026-01-18,2026-01-04 11:29:00
649,10649,grocery,west,197.77,false,2026-01-19,2026-01-04 11:36:00
650,10650,home,central,199.50,true,2026-01-20,2026-01-04 11:43:00
651,10651,books,north,201.23,false,2026-01-21,2026-01-04 11:50:00
652,10652,electronics,south,202.96,true,2026-01-22,2026-01-04 11:57:00
653,10653,fashion,east,204.69,false,2026-01-23,2026-01-04 12:04:00
654,10654,grocery,west,206.42,true,2026-01-24,2026-01-04 12:11:00
655,10655,home,central,208.15,false,2026-01-25,2026-01-04 12:18:00
656,10656,books,north,209.88,true,2026-01-26,2026-01-04 12:25:00
657,10657,electronics,south,211.61,false,2026-01-27,2026-01-04 12:32:00
658,10658,fashion,east,213.34,true,2026-01-28,2026-01-04 12:39:00
659,10659,grocery,west,215.07,false,2026-01-29,2026-01-04 12:46:00
660,10660,home,central,216.80,true,2026-01-30,2026-01-04 12:53:00
661,10661,books,north,218.53,false,2026-01-31,2026-01-04 13:00:00
662,10662,electronics,south,220.26,true,2026-02-01,2026-01-04 13:07:00
663,10663,fashion,east,221.99,false,2026-02-02,2026-01-04 13:14:00
664,10664,grocery,west,223.72,true,2026-02-03,2026-01-04 13:21:00
665,10665,home,central,225.45,false,2026-02-04,2026-01-04 13:28:00
666,10666,books,north,227.18,true,2026-02-05,2026-01-04 13:35:00
667,10667,electronics,south,228.91,false,2026-02-06,2026-01-04 13:42:00
668,10668,fashion,east,230.64,true,2026-02-07,2026-01-04 13:49:00
669,10669,grocery,west,232.37,false,2026-02-08,2026-01-04 13:56:00
670,10670,home,central,234.10,true,2026-02-09,2026-01-04 14:03:00
671,10671,books,north,235.83,false,2026-02-10,2026-01-04 14:10:00
672,10672,electronics,south,237.56,true,2026-02-11,2026-01-04 14:17:00
673,10673,fashion,east,239.29,false,2026-02-12,2026-01-04 14:24:00
674,10674,grocery,west,241.02,true,2026-02-13,2026-01-04 14:31:00
675,10675,home,central,242.75,false,2026-02-14,2026-01-04 14:38:00
676,10676,books,north,244.48,true,2026-02-15,2026-01-04 14:45:00
677,10677,electronics,south,246.21,false,2026-02-16,2026-01-04 14:52:00
678,10678,fashion,east,247.94,true,2026-02-17,2026-01-04 14:59:00
679,10679,grocery,west,249.67,false,2026-02-18,2026-01-04 15:06:00
680,10680,home,central,251.40,true,2026-02-19,2026-01-04 15:13:00
681,10681,books,north,253.13,false,2026-02-20,2026-01-04 15:20:00
682,10682,electronics,south,254.86,true,2026-02-21,2026-01-04 15:27:00
683,10683,fashion,east,256.59,false,2026-02-22,2026-01-04 15:34:00
684,10684,grocery,west,258.32,true,2026-02-23,2026-01-04 15:41:00
685,10685,home,central,260.05,false,2026-02-24,2026-01-04 15:48:00
686,10686,books,north,261.78,true,2026-02-25,2026-01-04 15:55:00
687,10687,electronics,south,263.51,false,2026-02-26,2026-01-04 16:02:00
688,10688,fashion,east,265.24,true,2026-02-27,2026-01-04 16:09:00
689,10689,grocery,west,266.97,false,2026-02-28,2026-01-04 16:16:00
690,10690,home,central,268.70,true,2026-03-01,2026-01-04 16:23:00
691,10691,books,north,270.43,false,2026-03-02,2026-01-04 16:30:00
692,10692,electronics,south,272.16,true,2026-03-03,2026-01-04 16:37:00
693,10693,fashion,east,273.89,false,2026-03-04,2026-01-04 16:44:00
694,10694,grocery,west,275.62,true,2026-03-05,2026-01-04 16:51:00
695,10695,home,central,277.35,false,2026-03-06,2026-01-04 16:58:00
696,10696,books,north,279.08,true,2026-03-07,2026-01-04 17:05:00
697,10697,electronics,south,280.81,false,2026-03-08,2026-01-04 17:12:00
698,10698,fashion,east,282.54,true,2026-03-09,2026-01-04 17:19:00
699,10699,grocery,west,284.27,false,2026-03-10,2026-01-04 17:26:00
700,10700,home,central,286.00,true,2026-03-11,2026-01-04 17:33:00
701,10701,books,north,287.73,false,2026-03-12,2026-01-04 17:40:00
702,10702,electronics,south,289.46,true,2026-03-13,2026-01-04 17:47:00
703,10703,fashion,east,291.19,false,2026-03-14,2026-01-04 17:54:00
704,10704,grocery,west,292.92,true,2026-03-15,2026-01-04 18:01:00
705,10705,home,central,294.65,false,2026-03-16,2026-01-04 18:08:00
706,10706,books,north,296.38,true,2026-03-17,2026-01-04 18:15:00
707,10707,electronics,south,298.11,false,2026-03-18,2026-01-04 18:22:00
708,10708,fashion,east,299.84,true,2026-03-19,2026-01-04 18:29:00
709,10709,grocery,west,301.57,false,2026-03-20,2026-01-04 18:36:00
710,10710,home,central,303.30,true,2026-03-21,2026-01-04 18:43:00
711,10711,books,north,305.03,false,2026-03-22,2026-01-04 18:50:00
712,10712,electronics,south,306.76,true,2026-03-23,2026-01-04 18:57:00
713,10713,fashion,east,308.49,false,2026-03-24,2026-01-04 19:04:00
714,10714,grocery,west,310.22,true,2026-03-25,2026-01-04 19:11:00
715,10715,home,central,311.95,false,2026-03-26,2026-01-04 19:18:00
716,10716,books,north,313.68,true,2026-03-27,2026-01-04 19:25:00
717,10717,electronics,south,315.41,false,2026-03-28,2026-01-04 19:32:00
718,10718,fashion,east,317.14,true,2026-03-29,2026-01-04 19:39:00
719,10719,grocery,west,318.87,false,2026-03-30,2026-01-04 19:46:00
720,10720,home,central,320.60,true,2026-03-31,2026-01-04 19:53:00
721,10721,books,north,322.33,false,2026-01-01,2026-01-04 20:00:00
722,10722,electronics,south,324.06,true,2026-01-02,2026-01-04 20:07:00
723,10723,fashion,east,325.79,false,2026-01-03,2026-01-04 20:14:00
724,10724,grocery,west,327.52,true,2026-01-04,2026-01-04 20:21:00
725,10725,home,central,329.25,false,2026-01-05,2026-01-04 20:28:00
726,10726,books,north,330.98,true,2026-01-06,2026-01-04 20:35:00
727,10727,electronics,south,332.71,false,2026-01-07,2026-01-04 20:42:00
728,10728,fashion,east,334.44,true,2026-01-08,2026-01-04 20:49:00
729,10729,grocery,west,336.17,false,2026-01-09,2026-01-04 20:56:00
730,10730,home,central,337.90,true,2026-01-10,2026-01-04 21:03:00
731,10731,books,north,339.63,false,2026-01-11,2026-01-04 21:10:00
732,10732,electronics,south,341.36,true,2026-01-12,2026-01-04 21:17:00
733,10733,fashion,east,343.09,false,2026-01-13,2026-01-04 21:24:00
734,10734,grocery,west,344.82,true,2026-01-14,2026-01-04 21:31:00
735,10735,home,central,346.55,false,2026-01-15,2026-01-04 21:38:00
736,10736,books,north,348.28,true,2026-01-16,2026-01-04 21:45:00
737,10737,electronics,south,350.01,false,2026-01-17,2026-01-04 21:52:00
738,10738,fashion,east,351.74,true,2026-01-18,2026-01-04 21:59:00
739,10739,grocery,west,353.47,false,2026-01-19,2026-01-04 22:06:00
740,10740,home,central,355.20,true,2026-01-20,2026-01-04 22:13:00
741,10741,books,north,356.93,false,2026-01-21,2026-01-04 22:20:00
742,10742,electronics,south,358.66,true,2026-01-22,2026-01-04 22:27:00
743,10743,fashion,east,360.39,false,2026-01-23,2026-01-04 22:34:00
744,10744,grocery,west,362.12,true,2026-01-24,2026-01-04 22:41:00
745,10745,home,central,363.85,false,2026-01-25,2026-01-04 22:48:00
746,10746,books,north,365.58,true,2026-01-26,2026-01-04 22:55:00
747,10747,electronics,south,367.31,false,2026-01-27,2026-01-04 23:02:00
748,10748,fashion,east,369.04,true,2026-01-28,2026-01-04 23:09:00
749,10749,grocery,west,370.77,false,2026-01-29,2026-01-04 23:16:00
750,10750,home,central,372.50,true,2026-01-30,2026-01-04 23:23:00
751,10751,books,north,374.23,false,2026-01-31,2026-01-04 23:30:00
752,10752,electronics,south,375.96,true,2026-02-01,2026-01-04 23:37:00
753,10753,fashion,east,377.69,false,2026-02-02,2026-01-04 23:44:00
754,10754,grocery,west,379.42,true,2026-02-03,2026-01-04 23:51:00
755,10755,home,central,381.15,false,2026-02-04,2026-01-04 23:58:00
756,10756,books,north,382.88,true,2026-02-05,2026-01-05 00:05:00
757,10757,electronics,south,384.61,false,2026-02-06,2026-01-05 00:12:00
758,10758,fashion,east,386.34,true,2026-02-07,2026-01-05 00:19:00
759,10759,grocery,west,388.07,false,2026-02-08,2026-01-05 00:26:00
760,10760,home,central,389.80,true,2026-02-09,2026-01-05 00:33:00
761,10761,books,north,391.53,false,2026-02-10,2026-01-05 00:40:00
762,10762,electronics,south,393.26,true,2026-02-11,2026-01-05 00:47:00
763,10763,fashion,east,394.99,false,2026-02-12,2026-01-05 00:54:00
764,10764,grocery,west,396.72,true,2026-02-13,2026-01-05 01:01:00
765,10765,home,central,398.45,false,2026-02-14,2026-01-05 01:08:00
766,10766,books,north,400.18,true,2026-02-15,2026-01-05 01:15:00
767,10767,electronics,south,401.91,false,2026-02-16,2026-01-05 01:22:00
768,10768,fashion,east,403.64,true,2026-02-17,2026-01-05 01:29:00
769,10769,grocery,west,405.37,false,2026-02-18,2026-01-05 01:36:00
770,10770,home,central,407.10,true,2026-02-19,2026-01-05 01:43:00
771,10771,books,north,408.83,false,2026-02-20,2026-01-05 01:50:00
772,10772,electronics,south,410.56,true,2026-02-21,2026-01-05 01:57:00
773,10773,fashion,east,412.29,false,2026-02-22,2026-01-05 02:04:00
774,10774,grocery,west,414.02,true,2026-02-23,2026-01-05 02:11:00
775,10775,home,central,415.75,false,2026-02-24,2026-01-05 02:18:00
776,10776,books,north,417.48,true,2026-02-25,2026-01-05 02:25:00
777,10777,electronics,south,419.21,false,2026-02-26,2026-01-05 02:32:00
778,10778,fashion,east,420.94,true,2026-02-27,2026-01-05 02:39:00
779,10779,grocery,west,422.67,false,2026-02-28,2026-01-05 02:46:00
780,10780,home,central,424.40,true,2026-03-01,2026-01-05 02:53:00
781,10781,books,north,426.13,false,2026-03-02,2026-01-05 03:00:00
782,10782,electronics,south,427.86,true,2026-03-03,2026-01-05 03:07:00
783,10783,fashion,east,429.59,false,2026-03-04,2026-01-05 03:14:00
784,10784,grocery,west,431.32,true,2026-03-05,2026-01-05 03:21:00
785,10785,home,central,433.05,false,2026-03-06,2026-01-05 03:28:00
786,10786,books,north,434.78,true,2026-03-07,2026-01-05 03:35:00
787,10787,electronics,south,436.51,false,2026-03-08,2026-01-05 03:42:00
788,10788,fashion,east,438.24,true,2026-03-09,2026-01-05 03:49:00
789,10789,grocery,west,439.97,false,2026-03-10,2026-01-05 03:56:00
790,10790,home,central,441.70,true,2026-03-11,2026-01-05 04:03:00
791,10791,books,north,443.43,false,2026-03-12,2026-01-05 04:10:00
792,10792,electronics,south,445.16,true,2026-03-13,2026-01-05 04:17:00
793,10793,fashion,east,446.89,false,2026-03-14,2026-01-05 04:24:00
794,10794,grocery,west,448.62,true,2026-03-15,2026-01-05 04:31:00
795,10795,home,central,450.35,false,2026-03-16,2026-01-05 04:38:00
796,10796,books,north,452.08,true,2026-03-17,2026-01-05 04:45:00
797,10797,electronics,south,453.81,false,2026-03-18,2026-01-05 04:52:00
798,10798,fashion,east,455.54,true,2026-03-19,2026-01-05 04:59:00
799,10799,grocery,west,457.27,false,2026-03-20,2026-01-05 05:06:00
800,10800,home,central,459.00,true,2026-03-21,2026-01-05 05:13:00
801,10801,books,north,460.73,false,2026-03-22,2026-01-05 05:20:00
802,10802,electronics,south,462.46,true,2026-03-23,2026-01-05 05:27:00
803,10803,fashion,east,464.19,false,2026-03-24,2026-01-05 05:34:00
804,10804,grocery,west,465.92,true,2026-03-25,2026-01-05 05:41:00
805,10805,home,central,467.65,false,2026-03-26,2026-01-05 05:48:00
806,10806,books,north,469.38,true,2026-03-27,2026-01-05 05:55:00
807,10807,electronics,south,471.11,false,2026-03-28,2026-01-05 06:02:00
808,10808,fashion,east,472.84,true,2026-03-29,2026-01-05 06:09:00
809,10809,grocery,west,474.57,false,2026-03-30,2026-01-05 06:16:00
810,10810,home,central,476.30,true,2026-03-31,2026-01-05 06:23:00
811,10811,books,north,478.03,false,2026-01-01,2026-01-05 06:30:00
812,10812,electronics,south,479.76,true,2026-01-02,2026-01-05 06:37:00
813,10813,fashion,east,481.49,false,2026-01-03,2026-01-05 06:44:00
814,10814,grocery,west,483.22,true,2026-01-04,2026-01-05 06:51:00
815,10815,home,central,484.95,false,2026-01-05,2026-01-05 06:58:00
816,10816,books,north,486.68,true,2026-01-06,2026-01-05 07:05:00
817,10817,electronics,south,488.41,false,2026-01-07,2026-01-05 07:12:00
818,10818,fashion,east,490.14,true,2026-01-08,2026-01-05 07:19:00
819,10819,grocery,west,491.87,false,2026-01-09,2026-01-05 07:26:00
820,10820,home,central,493.60,true,2026-01-10,2026-01-05 07:33:00
821,10821,books,north,495.33,false,2026-01-11,2026-01-05 07:40:00
822,10822,electronics,south,497.06,true,2026-01-12,2026-01-05 07:47:00
823,10823,fashion,east,498.79,false,2026-01-13,2026-01-05 07:54:00
824,10824,grocery,west,25.52,true,2026-01-14,2026-01-05 08:01:00
825,10825,home,central,27.25,false,2026-01-15,2026-01-05 08:08:00
826,10826,books,north,28.98,true,2026-01-16,2026-01-05 08:15:00
827,10827,electronics,south,30.71,false,2026-01-17,2026-01-05 08:22:00
828,10828,fashion,east,32.44,true,2026-01-18,2026-01-05 08:29:00
829,10829,grocery,west,34.17,false,2026-01-19,2026-01-05 08:36:00
830,10830,home,central,35.90,true,2026-01-20,2026-01-05 08:43:00
831,10831,books,north,37.63,false,2026-01-21,2026-01-05 08:50:00
832,10832,electronics,south,39.36,true,2026-01-22,2026-01-05 08:57:00
833,10833,fashion,east,41.09,false,2026-01-23,2026-01-05 09:04:00
834,10834,grocery,west,42.82,true,2026-01-24,2026-01-05 09:11:00
835,10835,home,central,44.55,false,2026-01-25,2026-01-05 09:18:00
836,10836,books,north,46.28,true,2026-01-26,2026-01-05 09:25:00
837,10837,electronics,south,48.01,false,2026-01-27,2026-01-05 09:32:00
838,10838,fashion,east,49.74,true,2026-01-28,2026-01-05 09:39:00
839,10839,grocery,west,51.47,false,2026-01-29,2026-01-05 09:46:00
840,10840,home,central,53.20,true,2026-01-30,2026-01-05 09:53:00
841,10841,books,north,54.93,false,2026-01-31,2026-01-05 10:00:00
842,10842,electronics,south,56.66,true,2026-02-01,2026-01-05 10:07:00
843,10843,fashion,east,58.39,false,2026-02-02,2026-01-05 10:14:00
844,10844,grocery,west,60.12,true,2026-02-03,2026-01-05 10:21:00
845,10845,home,central,61.85,false,2026-02-04,2026-01-05 10:28:00
846,10846,books,north,63.58,true,2026-02-05,2026-01-05 10:35:00
847,10847,electronics,south,65.31,false,2026-02-06,2026-01-05 10:42:00
848,10848,fashion,east,67.04,true,2026-02-07,2026-01-05 10:49:00
849,10849,grocery,west,68.77,false,2026-02-08,2026-01-05 10:56:00
850,10850,home,central,70.50,true,2026-02-09,2026-01-05 11:03:00
851,10851,books,east,72.23,false,2026-02-10,2026-01-05 11:10:00
852,10852,electronics,west,73.96,true,2026-02-11,2026-01-05 11:17:00
853,10853,fashion,central,75.69,false,2026-02-12,2026-01-05 11:24:00
854,10854,grocery,north,77.42,true,2026-02-13,2026-01-05 11:31:00
855,10855,home,south,79.15,false,2026-02-14,2026-01-05 11:38:00
856,10856,books,east,80.88,true,2026-02-15,2026-01-05 11:45:00
857,10857,electronics,west,82.61,false,2026-02-16,2026-01-05 11:52:00
858,10858,fashion,central,84.34,true,2026-02-17,2026-01-05 11:59:00
859,10859,grocery,north,86.07,false,2026-02-18,2026-01-05 12:06:00
860,10860,home,south,87.80,true,2026-02-19,2026-01-05 12:13:00
861,10861,books,east,89.53,false,2026-02-20,2026-01-05 12:20:00
862,10862,electronics,west,91.26,true,2026-02-21,2026-01-05 12:27:00
863,10863,fashion,central,92.99,false,2026-02-22,2026-01-05 12:34:00
864,10864,grocery,north,94.72,true,2026-02-23,2026-01-05 12:41:00
865,10865,home,south,96.45,false,2026-02-24,2026-01-05 12:48:00
866,10866,books,east,98.18,true,2026-02-25,2026-01-05 12:55:00
867,10867,electronics,west,99.91,false,2026-02-26,2026-01-05 13:02:00
868,10868,fashion,central,101.64,true,2026-02-27,2026-01-05 13:09:00
869,10869,grocery,north,103.37,false,2026-02-28,2026-01-05 13:16:00
870,10870,home,south,105.10,true,2026-03-01,2026-01-05 13:23:00
871,10871,books,east,106.83,false,2026-03-02,2026-01-05 13:30:00
872,10872,electronics,west,108.56,true,2026-03-03,2026-01-05 13:37:00
873,10873,fashion,central,110.29,false,2026-03-04,2026-01-05 13:44:00
874,10874,grocery,north,112.02,true,2026-03-05,2026-01-05 13:51:00
875,10875,home,south,113.75,false,2026-03-06,2026-01-05 13:58:00
876,10876,books,east,115.48,true,2026-03-07,2026-01-05 14:05:00
877,10877,electronics,west,117.21,false,2026-03-08,2026-01-05 14:12:00
878,10878,fashion,central,118.94,true,2026-03-09,2026-01-05 14:19:00
879,10879,grocery,north,120.67,false,2026-03-10,2026-01-05 14:26:00
880,10880,home,south,122.40,true,2026-03-11,2026-01-05 14:33:00
881,10881,books,east,124.13,false,2026-03-12,2026-01-05 14:40:00
882,10882,electronics,west,125.86,true,2026-03-13,2026-01-05 14:47:00
883,10883,fashion,central,127.59,false,2026-03-14,2026-01-05 14:54:00
884,10884,grocery,north,129.32,true,2026-03-15,2026-01-05 15:01:00
885,10885,home,south,131.05,false,2026-03-16,2026-01-05 15:08:00
886,10886,books,east,132.78,true,2026-03-17,2026-01-05 15:15:00
887,10887,electronics,west,134.51,false,2026-03-18,2026-01-05 15:22:00
888,10888,fashion,central,136.24,true,2026-03-19,2026-01-05 15:29:00
889,10889,grocery,north,137.97,false,2026-03-20,2026-01-05 15:36:00
890,10890,home,south,139.70,true,2026-03-21,2026-01-05 15:43:00
891,10891,books,east,141.43,false,2026-03-22,2026-01-05 15:50:00
892,10892,electronics,west,143.16,true,2026-03-23,2026-01-05 15:57:00
893,10893,fashion,central,144.89,false,2026-03-24,2026-01-05 16:04:00
894,10894,grocery,north,146.62,true,2026-03-25,2026-01-05 16:11:00
895,10895,home,south,148.35,false,2026-03-26,2026-01-05 16:18:00
896,10896,books,east,150.08,true,2026-03-27,2026-01-05 16:25:00
897,10897,electronics,west,151.81,false,2026-03-28,2026-01-05 16:32:00
898,10898,fashion,central,153.54,true,2026-03-29,2026-01-05 16:39:00
899,10899,grocery,north,155.27,false,2026-03-30,2026-01-05 16:46:00
900,10000,home,south,157.00,true,2026-03-31,2026-01-05 16:53:00
901,10001,books,east,158.73,false,2026-01-01,2026-01-05 17:00:00
902,10002,electronics,west,160.46,true,2026-01-02,2026-01-05 17:07:00
903,10003,fashion,central,162.19,false,2026-01-03,2026-01-05 17:14:00
904,10004,grocery,north,163.92,true,2026-01-04,2026-01-05 17:21:00
905,10005,home,south,165.65,false,2026-01-05,2026-01-05 17:28:00
906,10006,books,east,167.38,true,2026-01-06,2026-01-05 17:35:00
907,10007,electronics,west,169.11,false,2026-01-07,2026-01-05 17:42:00
908,10008,fashion,central,170.84,true,2026-01-08,2026-01-05 17:49:00
909,10009,grocery,north,172.57,false,2026-01-09,2026-01-05 17:56:00
910,10010,home,south,174.30,true,2026-01-10,2026-01-05 18:03:00
911,10011,books,east,176.03,false,2026-01-11,2026-01-05 18:10:00
912,10012,electronics,west,177.76,true,2026-01-12,2026-01-05 18:17:00
913,10013,fashion,central,179.49,false,2026-01-13,2026-01-05 18:24:00
914,10014,grocery,north,181.22,true,2026-01-14,2026-01-05 18:31:00
915,10015,home,south,182.95,false,2026-01-15,2026-01-05 18:38:00
916,10016,books,east,184.68,true,2026-01-16,2026-01-05 18:45:00
917,10017,electronics,west,186.41,false,2026-01-17,2026-01-05 18:52:00
918,10018,fashion,central,188.14,true,2026-01-18,2026-01-05 18:59:00
919,10019,grocery,north,189.87,false,2026-01-19,2026-01-05 19:06:00
920,10020,home,south,191.60,true,2026-01-20,2026-01-05 19:13:00
921,10021,books,east,193.33,false,2026-01-21,2026-01-05 19:20:00
922,10022,electronics,west,195.06,true,2026-01-22,2026-01-05 19:27:00
923,10023,fashion,central,196.79,false,2026-01-23,2026-01-05 19:34:00
924,10024,grocery,north,198.52,true,2026-01-24,2026-01-05 19:41:00
925,10025,home,south,200.25,false,2026-01-25,2026-01-05 19:48:00
926,10026,books,east,201.98,true,2026-01-26,2026-01-05 19:55:00
927,10027,electronics,west,203.71,false,2026-01-27,2026-01-05 20:02:00
928,10028,fashion,central,205.44,true,2026-01-28,2026-01-05 20:09:00
929,10029,grocery,north,207.17,false,2026-01-29,2026-01-05 20:16:00
930,10030,home,south,208.90,true,2026-01-30,2026-01-05 20:23:00
931,10031,books,east,210.63,false,2026-01-31,2026-01-05 20:30:00
932,10032,electronics,west,212.36,true,2026-02-01,2026-01-05 20:37:00
933,10033,fashion,central,214.09,false,2026-02-02,2026-01-05 20:44:00
934,10034,grocery,north,215.82,true,2026-02-03,2026-01-05 20:51:00
935,10035,home,south,217.55,false,2026-02-04,2026-01-05 20:58:00
936,10036,books,east,219.28,true,2026-02-05,2026-01-05 21:05:00
937,10037,electronics,west,221.01,false,2026-02-06,2026-01-05 21:12:00
938,10038,fashion,central,222.74,true,2026-02-07,2026-01-05 21:19:00
939,10039,grocery,north,224.47,false,2026-02-08,2026-01-05 21:26:00
940,10040,home,south,226.20,true,2026-02-09,2026-01-05 21:33:00
941,10041,books,east,227.93,false,2026-02-10,2026-01-05 21:40:00
942,10042,electronics,west,229.66,true,2026-02-11,2026-01-05 21:47:00
943,10043,fashion,central,231.39,false,2026-02-12,2026-01-05 21:54:00
944,10044,grocery,north,233.12,true,2026-02-13,2026-01-05 22:01:00
945,10045,home,south,234.85,false,2026-02-14,2026-01-05 22:08:00
946,10046,books,east,236.58,true,2026-02-15,2026-01-05 22:15:00
947,10047,electronics,west,238.31,false,2026-02-16,2026-01-05 22:22:00
948,10048,fashion,central,240.04,true,2026-02-17,2026-01-05 22:29:00
949,10049,grocery,north,241.77,false,2026-02-18,2026-01-05 22:36:00
950,10050,home,south,243.50,true,2026-02-19,2026-01-05 22:43:00
951,10051,books,east,245.23,false,2026-02-20,2026-01-05 22:50:00
952,10052,electronics,west,246.96,true,2026-02-21,2026-01-05 22:57:00
953,10053,fashion,central,248.69,false,2026-02-22,2026-01-05 23:04:00
954,10054,grocery,north,250.42,true,2026-02-23,2026-01-05 23:11:00
955,10055,home,south,252.15,false,2026-02-24,2026-01-05 23:18:00
956,10056,books,east,253.88,true,2026-02-25,2026-01-05 23:25:00
957,10057,electronics,west,255.61,false,2026-02-26,2026-01-05 23:32:00
958,10058,fashion,central,257.34,true,2026-02-27,2026-01-05 23:39:00
959,10059,grocery,north,259.07,false,2026-02-28,2026-01-05 23:46:00
960,10060,home,south,260.80,true,2026-03-01,2026-01-05 23:53:00
961,10061,books,east,262.53,false,2026-03-02,2026-01-06 00:00:00
962,10062,electronics,west,264.26,true,2026-03-03,2026-01-06 00:07:00
963,10063,fashion,central,265.99,false,2026-03-04,2026-01-06 00:14:00
964,10064,grocery,north,267.72,true,2026-03-05,2026-01-06 00:21:00
965,10065,home,south,269.45,false,2026-03-06,2026-01-06 00:28:00
966,10066,books,east,271.18,true,2026-03-07,2026-01-06 00:35:00
967,10067,electronics,west,272.91,false,2026-03-08,2026-01-06 00:42:00
968,10068,fashion,central,274.64,true,2026-03-09,2026-01-06 00:49:00
969,10069,grocery,north,276.37,false,2026-03-10,2026-01-06 00:56:00
970,10070,home,south,278.10,true,2026-03-11,2026-01-06 01:03:00
971,10071,books,east,279.83,false,2026-03-12,2026-01-06 01:10:00
972,10072,electronics,west,281.56,true,2026-03-13,2026-01-06 01:17:00
973,10073,fashion,central,283.29,false,2026-03-14,2026-01-06 01:24:00
974,10074,grocery,north,285.02,true,2026-03-15,2026-01-06 01:31:00
975,10075,home,south,286.75,false,2026-03-16,2026-01-06 01:38:00
976,10076,books,east,288.48,true,2026-03-17,2026-01-06 01:45:00
977,10077,electronics,west,290.21,false,2026-03-18,2026-01-06 01:52:00
978,10078,fashion,central,291.94,true,2026-03-19,2026-01-06 01:59:00
979,10079,grocery,north,293.67,false,2026-03-20,2026-01-06 02:06:00
980,10080,home,south,295.40,true,2026-03-21,2026-01-06 02:13:00
981,10081,books,east,297.13,false,2026-03-22,2026-01-06 02:20:00
982,10082,electronics,west,298.86,true,2026-03-23,2026-01-06 02:27:00
983,10083,fashion,central,300.59,false,2026-03-24,2026-01-06 02:34:00
984,10084,grocery,north,302.32,true,2026-03-25,2026-01-06 02:41:00
985,10085,home,south,304.05,false,2026-03-26,2026-01-06 02:48:00
986,10086,books,east,305.78,true,2026-03-27,2026-01-06 02:55:00
987,10087,electronics,west,307.51,false,2026-03-28,2026-01-06 03:02:00
988,10088,fashion,central,309.24,true,2026-03-29,2026-01-06 03:09:00
989,10089,grocery,north,310.97,false,2026-03-30,2026-01-06 03:16:00
990,10090,home,south,312.70,true,2026-03-31,2026-01-06 03:23:00
991,10091,books,east,314.43,false,2026-01-01,2026-01-06 03:30:00
992,10092,electronics,west,316.16,true,2026-01-02,2026-01-06 03:37:00
993,10093,fashion,central,317.89,false,2026-01-03,2026-01-06 03:44:00
994,10094,grocery,north,319.62,true,2026-01-04,2026-01-06 03:51:00
995,10095,home,south,321.35,false,2026-01-05,2026-01-06 03:58:00
996,10096,books,east,323.08,true,2026-01-06,2026-01-06 04:05:00
997,10097,electronics,west,324.81,false,2026-01-07,2026-01-06 04:12:00
998,10098,fashion,central,326.54,true,2026-01-08,2026-01-06 04:19:00
999,10099,grocery,north,328.27,false,2026-01-09,2026-01-06 04:26:00
1000,10100,home,south,330.00,true,2026-01-10,2026-01-06 04:33:00
